{
  "data" : [
    {
      "text" : "HAHA",
      "entities" : [
        {
          "entity" : "sentiment",
          "value" : "\"positive\""
        }
      ]
    },
    {
      "text" : "Hello",
      "entities" : [
        {
          "entity" : "greetings",
          "value" : "\"true\""
        }
      ]
    },
    {
      "text" : "bad",
      "entities" : [
        {
          "entity" : "sentiment",
          "value" : "\"negative\""
        }
      ]
    },
    {
      "text" : "bad joke"
    },
    {
      "text" : "haha",
      "entities" : [
        {
          "entity" : "sentiment",
          "value" : "\"positive\""
        }
      ]
    },
    {
      "text" : "hello!",
      "entities" : [
        {
          "entity" : "greetings",
          "value" : "\"true\""
        }
      ]
    },
    {
      "text" : "hi",
      "entities" : [
        {
          "entity" : "greetings",
          "value" : "\"true\""
        }
      ]
    },
    {
      "text" : "hilarious",
      "entities" : [
        {
          "entity" : "sentiment",
          "value" : "\"positive\""
        }
      ]
    },
    {
      "text" : "i want to hear a joke about chuck",
      "entities" : [
        {
          "entity" : "getJoke",
          "value" : "\"true\""
        },
        {
          "entity" : "category",
          "value" : "\"chuck\"",
          "start" : 28,
          "end" : 33
        }
      ]
    },
    {
      "text" : "is it cold in San Jose?",
      "entities" : [
        {
          "entity" : "getWeather",
          "value" : "\"true\""
        },
        {
          "entity" : "location",
          "value" : "\"San Jose\"",
          "start" : 14,
          "end" : 22
        }
      ]
    },
    {
      "text" : "let's hear a joke about chuck norris",
      "entities" : [
        {
          "entity" : "getJoke",
          "value" : "\"true\""
        },
        {
          "entity" : "category",
          "value" : "\"chuck\"",
          "start" : 24,
          "end" : 36
        }
      ]
    },
    {
      "text" : "lol",
      "entities" : [
        {
          "entity" : "sentiment",
          "value" : "\"positive\""
        }
      ]
    },
    {
      "text" : "so funny",
      "entities" : [
        {
          "entity" : "sentiment",
          "value" : "\"positive\""
        }
      ]
    },
    {
      "text" : "tell me a joke",
      "entities" : [
        {
          "entity" : "getJoke",
          "value" : "\"true\""
        }
      ]
    },
    {
      "text" : "tell me a joke about Chuck",
      "entities" : [
        {
          "entity" : "getJoke",
          "value" : "\"true\""
        },
        {
          "entity" : "category",
          "value" : "\"chuck\"",
          "start" : 21,
          "end" : 26
        }
      ]
    },
    {
      "text" : "tell me a joke about chuck!",
      "entities" : [
        {
          "entity" : "getJoke",
          "value" : "\"true\""
        },
        {
          "entity" : "category",
          "value" : "\"chuck\"",
          "start" : 21,
          "end" : 26
        }
      ]
    },
    {
      "text" : "tell me a joke about chuck?",
      "entities" : [
        {
          "entity" : "getJoke",
          "value" : "\"true\""
        },
        {
          "entity" : "category",
          "value" : "\"chuck\"",
          "start" : 21,
          "end" : 26
        }
      ]
    },
    {
      "text" : "tell me a joke about tech",
      "entities" : [
        {
          "entity" : "getJoke",
          "value" : "\"true\""
        },
        {
          "entity" : "category",
          "value" : "\"tech\"",
          "start" : 21,
          "end" : 25
        }
      ]
    },
    {
      "text" : "tell me a joke about technology",
      "entities" : [
        {
          "entity" : "getJoke",
          "value" : "\"true\""
        },
        {
          "entity" : "category",
          "value" : "\"tech\"",
          "start" : 21,
          "end" : 31
        }
      ]
    },
    {
      "text" : "tell me something funny",
      "entities" : [
        {
          "entity" : "getJoke",
          "value" : "\"true\""
        }
      ]
    },
    {
      "text" : "tell me the weather in Chicago",
      "entities" : [
        {
          "entity" : "getWeather",
          "value" : "\"true\""
        },
        {
          "entity" : "location",
          "value" : "\"Chicago\"",
          "start" : 23,
          "end" : 30
        }
      ]
    },
    {
      "text" : "tell me the weather in Japan",
      "entities" : [
        {
          "entity" : "getWeather",
          "value" : "\"true\""
        },
        {
          "entity" : "location",
          "value" : "\"Japan\"",
          "start" : 23,
          "end" : 28
        }
      ]
    },
    {
      "text" : "that's horrible",
      "entities" : [
        {
          "entity" : "sentiment",
          "value" : "\"negative\""
        }
      ]
    },
    {
      "text" : "thats funny",
      "entities" : [
        {
          "entity" : "sentiment",
          "value" : "\"positive\""
        }
      ]
    },
    {
      "text" : "this sucks",
      "entities" : [
        {
          "entity" : "sentiment",
          "value" : "\"negative\""
        }
      ]
    },
    {
      "text" : "weather in seattle",
      "entities" : [
        {
          "entity" : "getWeather",
          "value" : "\"true\""
        },
        {
          "entity" : "location",
          "value" : "\"seattle\"",
          "start" : 11,
          "end" : 18
        }
      ]
    },
    {
      "text" : "what no",
      "entities" : [
        {
          "entity" : "sentiment",
          "value" : "\"negative\""
        }
      ]
    },
    {
      "text" : "what's the weather in San Francisco?",
      "entities" : [
        {
          "entity" : "getWeather",
          "value" : "\"true\""
        },
        {
          "entity" : "location",
          "value" : "\"San Francisco\"",
          "start" : 22,
          "end" : 35
        }
      ]
    },
    {
      "text" : "whats the weather",
      "entities" : [
        {
          "entity" : "getWeather",
          "value" : "\"true\""
        }
      ]
    },
    {
      "text" : "whats the weather in san francisco",
      "entities" : [
        {
          "entity" : "getWeather",
          "value" : "\"true\""
        },
        {
          "entity" : "location",
          "value" : "\"san francisco\"",
          "start" : 21,
          "end" : 34
        }
      ]
    },
    {
      "text" : "you suck",
      "entities" : [
        {
          "entity" : "sentiment",
          "value" : "\"negative\""
        }
      ]
    },
    {
      "text" : "you're bad",
      "entities" : [
        {
          "entity" : "sentiment",
          "value" : "\"negative\""
        }
      ]
    },
    {
      "text" : "you're horrible",
      "entities" : [
        {
          "entity" : "sentiment",
          "value" : "\"negative\""
        }
      ]
    }
  ]
}