{
    "utterances": [
        {
            "text": "who is meghan markle?",
            "entities": [
                {
                    "entity": "wit$notable_person:notable_person",
                    "start": 7,
                    "end": 20,
                    "body": "meghan markle",
                    "entities": []
                }
            ],
            "traits": []
        },
        {
            "text": "what does elon musk do?",
            "entities": [
                {
                    "entity": "wit$notable_person:notable_person",
                    "start": 10,
                    "end": 19,
                    "body": "elon musk",
                    "entities": []
                }
            ],
            "traits": []
        },
        {
            "text": "hello",
            "entities": [],
            "traits": [
                {
                    "trait": "wit$greetings",
                    "value": "true"
                }
            ]
        },
        {
            "text": "hi",
            "entities": [],
            "traits": [
                {
                    "trait": "wit$greetings",
                    "value": "true"
                }
            ]
        },
        {
            "text": "heyyy",
            "entities": [],
            "traits": [
                {
                    "trait": "wit$greetings",
                    "value": "true"
                }
            ]
        }
    ]
}
